"0","Serious inside else memory","207.38","false"
"1","On traditional measure example","386.12","false"
"2","Work special total financial role","460.87","false"
"3","Nice government first policy","104.70","false"
"4","Tend employee source nature","7.11","false"
"5","Ability management test during foot","445.08","true"
"6","Develop sound central myself before","163.65","false"
"7","Feeling fact","63.70","false"
"8","Data son natural explain before","408.49","false"
"9","Drug contain start almost wonder","133.60","true"
"10","Quickly candidate","76.04","true"
"11","Raise study modern miss dog","110.86","false"
"12","Every manage political record word","182.10","false"
"13","Break onto friend couple administration","138.14","true"
"14","Some forward staff beyond","74.89","true"
"15","Stage plant","479.68","true"
"16","Buy country","425.73","true"
"17","Before street break painting","99.23","true"
"18","Decision song view age","217.79","true"
"19","Attorney author feeling","223.23","true"
"20","Level others record hospital","133.45","false"
"21","College pull whom around put","432.20","false"
"22","Economy others kind company likely","209.72","false"
"23","Home price check real","234.94","true"
"24","School name care several","246.45","false"
"25","Opportunity throughout take car","158.49","false"
"26","Ability court","171.20","true"
"27","Pm her then","290.53","true"
"28","The nothing sign remember","84.57","true"
"29","Reduce land those","464.71","true"
"30","Manager fine","239.06","false"
"31","Nature white without","428.92","true"
"32","I question","161.00","true"
"33","Response able","421.86","true"
"34","Budget power them","143.88","true"
"35","Little type","321.10","true"
"36","Trial son break","131.17","false"
"37","The everything","9.05","true"
"38","Race next water","480.72","true"
"39","Pretty Republican total policy head","275.22","true"
"40","Onto across character four","404.47","true"
"41","Single along especially change","298.37","false"
"42","Writer can boy room","478.06","false"
"43","Tax rock few","427.42","false"
"44","Board night loss front","408.43","true"
"45","Break marriage also friend","351.19","true"
"46","North south yard beautiful space","101.95","true"
"47","His better","284.66","false"
"48","Turn small research describe","42.47","true"
"49","One coach court","58.08","true"
"50","Later quality budget huge debate","21.27","true"
"51","Cup her","279.19","true"
"52","Work chance image quite there","253.86","false"
"53","Your play themselves myself","476.28","true"
"54","Relationship section five focus","268.18","false"
"55","Six success on responsibility southern","33.10","true"
"56","Different American","7.97","false"
"57","Technology song than leave","190.64","false"
"58","Maybe off question source serious","39.95","false"
"59","Face top individual","497.61","false"
"60","Only surface something prevent a","93.38","false"
"61","Assume teacher wall field","208.49","false"
"62","Clearly very","122.36","false"
"63","Walk loss","72.62","true"
"64","Special good along","238.49","false"
"65","Big sing","10.04","true"
"66","Food record power crime situation","398.62","true"
"67","Particular level","323.43","true"
"68","Fast support when hold family","381.87","true"
"69","Team yet although hot he","97.58","false"
"70","Away and various main too","483.66","true"
"71","Behavior standard thousand","399.64","false"
"72","Figure box international not","472.10","true"
"73","As indeed choose west","405.57","false"
"74","Air try while reveal","40.45","true"
"75","Grow ahead girl","5.29","false"
"76","Others century","1.26","true"
"77","Fall ready","477.77","true"
"78","Cost both general","491.33","true"
"79","Whom gun","242.37","false"
"80","Player contain year bill ok","80.48","true"
"81","Source firm drug","386.23","false"
"82","Information animal car after","39.89","true"
"83","Inside nearly scientist","72.75","false"
"84","Pm be know","189.81","true"
"85","Impact individual rock fly","104.47","false"
"86","Before control board born","310.88","true"
"87","Up control instead company","491.58","false"
"88","Central leg PM low data","0.89","false"
"89","Left despite boy without feeling","311.19","false"
"90","Begin marriage which myself","207.35","true"
"91","Establish protect a","203.67","false"
"92","Bill education exist sense","465.25","true"
"93","Audience energy","273.43","true"
"94","Teacher three seven attention team","144.66","true"
"95","Mission decision black western myself","379.99","false"
"96","Kind nothing case","63.89","true"
"97","Husband life nice federal","323.60","false"
"98","Live reason five","333.07","false"
"99","Central many thought","110.03","false"
"100","Hospital year suffer without","351.10","false"
"101","Guess break","1.34","false"
"102","Cell of course","222.58","false"
"103","Collection instead today itself","229.90","true"
"104","Firm decade cost glass work","218.62","false"
"105","Somebody keep daughter","363.06","false"
"106","Doctor be","95.46","true"
"107","Do father beautiful","444.65","false"
"108","In approach recent program","332.70","false"
"109","Lawyer effort little front amount","26.20","false"
"110","Face according","32.54","true"
"111","However TV law fund bill","452.10","false"
"112","Movie throw eight miss","97.47","true"
"113","Thank generation study","128.86","false"
"114","Might his lot","446.91","true"
"115","Figure necessary","4.58","false"
"116","Answer speak without leave","60.10","true"
"117","Better she increase","470.27","false"
"118","Baby interview senior stop always","92.31","false"
"119","Campaign that various","163.55","true"
"120","Tonight particular smile represent since","263.77","false"
"121","Plant evening admit past Republican","88.93","false"
"122","Design they young","3.94","false"
"123","Business population","60.94","false"
"124","Push region produce","113.94","true"
"125","Million push","119.47","false"
"126","Old case administration","258.41","false"
"127","Play speech theory choice computer","39.17","true"
"128","Notice receive degree run","417.29","false"
"129","Part car material truth","315.03","false"
"130","Lay actually detail present","338.63","false"
"131","Finish summer else page region","420.40","false"
"132","Want decade firm section","127.43","false"
"133","Employee public figure","182.73","true"
"134","Character against physical agency and","115.83","false"
"135","Start general","339.54","true"
"136","Large center find","332.42","false"
"137","Act through move source","351.90","false"
"138","North but","488.49","true"
"139","May perform","338.65","true"
"140","Form style","420.22","true"
"141","What to","380.87","true"
"142","Interview ten","53.79","false"
"143","Past always future","377.93","false"
"144","Personal threat","254.11","false"
"145","Public leader medical","83.94","false"
"146","Establish manage hotel financial","461.36","false"
"147","Significant now","134.87","true"
"148","House build get anything","139.94","true"
"149","Quite old simply","148.87","true"
"150","Might history strong economy break","168.31","false"
"151","Trouble tonight former","382.01","true"
"152","Choose general fact fall manager","206.76","false"
"153","A cell analysis","64.43","true"
"154","Travel professional production election","313.24","true"
"155","Very everything store morning as","327.20","true"
"156","Place myself his itself","159.36","true"
"157","Sing standard exactly election","269.70","false"
"158","Couple site social suddenly","384.65","true"
"159","His less already treatment PM","408.97","true"
"160","Gun word","81.87","true"
"161","Great record affect same number","123.35","true"
"162","Back large season last","260.90","true"
"163","Clearly type up","324.50","false"
"164","Join serious green","167.11","false"
"165","Manage several","103.97","false"
"166","Itself play pull recent","421.04","false"
"167","Stop camera report foreign","12.50","false"
"168","Career bank ten guess attorney","367.14","false"
"169","Fire subject","488.03","false"
"170","Town worker share every","343.18","true"
"171","Term memory clear throughout","466.61","true"
"172","Analysis never season piece wear","176.74","true"
"173","Nice spend","103.33","false"
"174","Site military lead","465.19","false"
"175","Check plan computer mention time","161.09","true"
"176","Particularly speech mission remember","467.83","true"
"177","Sign arm bar military","1.99","true"
"178","Into good","231.42","false"
"179","Gun subject PM carry understand","93.93","true"
"180","Full parent","22.52","true"
"181","Someone treatment over","406.91","true"
"182","Truth unit impact key","309.79","false"
"183","None sound include","15.58","false"
"184","We ask benefit","13.44","true"
"185","Identify real to","165.58","false"
"186","Ball appear television so","439.33","true"
"187","Believe step four western likely","16.19","false"
"188","A front","483.70","true"
"189","Company TV policy","124.79","false"
"190","Lot thousand","347.50","true"
"191","Drive example color","121.45","true"
"192","There leg theory","70.49","true"
"193","Us accept hope","410.22","true"
"194","Agent follow","1.04","true"
"195","Of challenge","78.86","false"
"196","Industry nothing","351.42","true"
"197","Hair describe hundred","66.52","false"
"198","It job","241.48","true"
"199","Drive loss turn attorney","129.35","false"
"200","Against particularly listen down American","164.50","true"
"201","There any require agree inside","445.50","false"
"202","Require page","82.21","false"
"203","In opportunity you exist","257.14","false"
"204","Central group line million","27.25","false"
"205","Rich foot herself","21.37","false"
"206","Radio especially","372.26","false"
"207","Car party close","220.73","false"
"208","Away represent race sing","278.92","true"
"209","Check clearly ahead","69.63","false"
"210","Save respond friend budget while","437.52","false"
"211","Garden maybe forward","355.18","false"
"212","Figure they yeah get we","261.39","false"
"213","Spend raise child above","304.81","true"
"214","Other owner message","136.88","true"
"215","Be along break gun","369.61","false"
"216","Put hard","356.32","false"
"217","Two no still","39.99","true"
"218","Still support","449.66","false"
"219","Produce just raise enough onto","470.49","true"
"220","North trouble upon beautiful","301.51","false"
"221","Medical lay lose","52.34","false"
"222","Population line Congress must city","436.77","true"
"223","Attention attention hotel well","284.11","false"
"224","Director book cell speech","70.84","true"
"225","Only cup almost","207.71","false"
"226","Use nice","447.99","false"
"227","Rate drop","254.39","false"
"228","Across great western","474.43","true"
"229","Fight institution","378.47","false"
"230","Discuss very score","246.84","false"
"231","His can sing","205.45","false"
"232","Prevent hear trouble","221.35","false"
"233","Should research executive black","462.37","true"
"234","Child usually sea upon","173.63","true"
"235","Race wish","237.65","false"
"236","Stock determine human find discussion","265.87","true"
"237","Line hour","486.29","false"
"238","Offer American","47.33","true"
"239","Condition Congress recognize agreement","487.05","true"
"240","Movement can start paper","467.25","true"
"241","Culture ability to suffer","34.68","true"
"242","Dinner indeed listen","0.55","true"
"243","Wish among west agreement","177.90","false"
"244","Quality political other begin","483.13","true"
"245","Agency center sign","69.48","true"
"246","Wish floor inside matter nice","354.60","true"
"247","Throw like lawyer fund indicate","193.10","false"
"248","Law go simple","210.03","false"
"249","Need when","396.57","true"
"250","Drop local cell kid","184.83","false"
"251","Use chance story range could","477.66","true"
"252","Choice already","445.79","true"
"253","Hope could many cold","24.98","false"
"254","Could foreign mind myself surface","298.55","true"
"255","Management production up our allow","249.77","false"
"256","Room a artist drug them","312.28","true"
"257","International position write those full","350.24","true"
"258","Newspaper ground just keep","339.40","false"
"259","Chair senior","384.19","false"
"260","Remain decide happy another","207.26","true"
"261","One them in decision","2.85","true"
"262","Poor majority herself Mr bad","496.93","false"
"263","Daughter pay","184.39","true"
"264","Should dream","495.03","false"
"265","Letter body language","449.28","false"
"266","Second until direction opportunity","479.11","true"
"267","Firm once machine","489.67","false"
"268","Floor role agency its","340.17","true"
"269","Budget involve","16.80","false"
"270","His gas health","411.81","true"
"271","My full need claim many","11.81","false"
"272","Case yet between night","489.97","true"
"273","Now minute technology","300.16","false"
"274","Minute site","177.12","true"
"275","Really which human","311.89","false"
"276","Citizen result thus wind","280.25","true"
"277","Stock worker everybody professor","394.00","true"
"278","Final relationship wear along","313.01","false"
"279","Coach every","103.65","false"
"280","Become me story but","303.59","false"
"281","Fast pick purpose","146.04","true"
"282","Point especially","445.84","false"
"283","Within president explain situation","127.88","true"
"284","Others skill industry","298.28","false"
"285","Treat mouth threat remain","216.47","true"
"286","Anything relationship local air ball","50.23","true"
"287","Address senior moment buy","126.63","false"
"288","Identify likely view","29.21","false"
"289","Eat determine feeling","74.23","false"
"290","Agree discussion star individual third","483.20","true"
"291","Can street race seat model","396.38","true"
"292","So suggest artist cold","258.49","true"
"293","Mouth manage camera beat","5.10","true"
"294","Second late every","211.44","false"
"295","Risk throughout citizen","124.94","true"
"296","Seven approach","414.08","false"
"297","Late sing seven","68.76","false"
"298","Out goal","183.46","false"
"299","Politics effect against southern","478.25","false"
"300","List key little fast","414.89","false"
"301","Table owner how husband","458.64","false"
"302","Successful country describe method meeting","413.76","false"
"303","Else feeling trade money","404.93","true"
"304","Learn attention cut","52.32","true"
"305","Vote continue community","494.84","false"
"306","Speech across yard admit parent","475.21","false"
"307","Hotel matter guy","181.11","false"
"308","Record should","7.76","false"
"309","Scene that himself floor","407.22","false"
"310","Particularly measure only","481.29","true"
"311","Job page","330.82","true"
"312","Be financial plan phone","423.79","true"
"313","Fund catch","336.95","false"
"314","With participant form time","39.58","true"
"315","Mention next","207.77","false"
"316","Provide parent information call","336.99","true"
"317","Significant stuff section lot rather","51.87","false"
"318","Everybody book green","422.68","true"
"319","American address","397.17","true"
"320","His within though finish","419.17","true"
"321","Popular see different decide","468.03","true"
"322","Site car room father identify","500.69","true"
"323","There certainly walk camera","106.75","true"
"324","Office explain","129.27","false"
"325","Ten television","268.99","true"
"326","Police choice","72.97","true"
"327","Well according","420.41","true"
"328","Official artist health effect","169.87","false"
"329","Movie base firm himself","206.69","false"
"330","International available despite popular stock","261.40","true"
"331","Century alone","330.72","true"
"332","Modern north","180.85","false"
"333","Option five prove performance","262.44","true"
"334","Also himself with garden","262.00","true"
"335","Baby book itself people nation","265.64","true"
"336","Now always","187.23","false"
"337","Magazine series think","214.00","true"
"338","Sea thought raise suggest","401.92","true"
"339","Seven lose","337.21","false"
"340","Rate oil defense","13.90","false"
"341","Outside wish community kid official","500.55","true"
"342","Involve down herself drive effort","123.68","false"
"343","Draw front plan focus","73.97","false"
"344","Common relate others throw land","104.88","true"
"345","Group eat soon must toward","150.49","false"
"346","Dark such firm again court","100.77","true"
"347","Learn economy explain main sport","434.86","false"
"348","Tell boy","30.42","true"
"349","Past next final","460.53","false"
"350","Detail put risk yet","404.80","true"
"351","Wrong take old former","375.76","true"
"352","Dog among believe value fine","417.75","false"
"353","Sign office until","312.67","true"
"354","Far training opportunity","115.17","true"
"355","Election small certainly","315.34","true"
"356","Carry successful","208.23","true"
"357","Admit Mrs look call spring","138.10","false"
"358","Say about century debate officer","1.53","true"
"359","Machine American five","112.85","true"
"360","First thing discuss power","375.35","true"
"361","Glass evening","275.75","false"
"362","Experience hotel compare","58.75","true"
"363","System resource truth leave institution","458.93","true"
"364","School enter wind","192.65","true"
"365","Strategy hope return near","395.90","true"
"366","Figure kitchen","389.73","false"
"367","Light hot because","274.51","true"
"368","Pull see collection cut","123.12","false"
"369","Attorney stock defense cup","251.11","true"
"370","Message page","281.73","false"
"371","House political energy song policy","308.03","false"
"372","Woman small reduce alone","101.56","true"
"373","Radio stay century law before","141.83","false"
"374","Forget result professor research","449.85","true"
"375","Buy many partner pressure discover","69.52","true"
"376","Machine century","432.81","false"
"377","Break focus raise","38.46","true"
"378","Yes miss interest","371.94","false"
"379","Along kid explain product","269.24","false"
"380","Choice chance of enter","108.14","true"
"381","Kid support interest","91.04","false"
"382","Of radio positive better","253.31","true"
"383","Team raise","301.11","false"
"384","Say either none","192.20","true"
"385","Business state way sister civil","254.83","true"
"386","Difficult religious","345.98","true"
"387","Summer specific option","90.08","true"
"388","Believe performance officer","132.74","false"
"389","Remain center","231.07","false"
"390","Effect imagine town worker","334.30","true"
"391","Or century","446.66","true"
"392","Floor themselves she inside","265.70","true"
"393","Resource pretty write under","152.12","false"
"394","Down positive tough","156.10","false"
"395","Last hit poor","26.80","false"
"396","Perform interest particularly notice military","82.00","false"
"397","Style remain","101.62","false"
"398","Middle car market","486.22","true"
"399","Fund remain team","55.84","true"
"400","Financial perform turn form","399.16","true"
"401","Group return line","88.87","false"
"402","Support improve once worry","285.57","true"
"403","Administration sound","439.89","false"
"404","Down PM benefit arm","430.37","true"
"405","Everything buy protect","172.00","true"
"406","Behavior send","231.25","true"
"407","Thing number end commercial","230.51","true"
"408","Above form","106.39","true"
"409","Sing threat bill pattern","379.07","true"
"410","Range know","84.59","false"
"411","Key story agree","193.02","true"
"412","Finally piece","195.26","false"
"413","Director population measure student","95.54","true"
"414","Inside water do get finish","321.97","false"
"415","General simple cost","113.59","false"
"416","Head perform","482.89","false"
"417","Again big role","419.23","true"
"418","Week own necessary allow","211.59","false"
"419","Activity note attention yeah","337.11","false"
"420","Everything bad age local season","378.00","true"
"421","Far share thought soon large","263.89","false"
"422","Word beat","194.82","false"
"423","Sit receive policy discussion","248.51","true"
"424","Itself eye magazine human station","469.50","false"
"425","Natural fight stand one","395.21","false"
"426","Interesting when","158.08","true"
"427","Discuss agency fund consumer","456.63","true"
"428","Concern page","117.83","true"
"429","Pressure would","470.86","false"
"430","Conference however find most","81.61","true"
"431","Produce list","375.36","false"
"432","Hospital one environment","389.59","true"
"433","She represent","150.28","false"
"434","Nature day then","217.05","true"
"435","Hard far","29.00","true"
"436","Amount themselves test like ball","71.02","true"
"437","Baby assume","397.84","true"
"438","Star various item","58.60","false"
"439","Road collection big talk","373.54","true"
"440","Phone when","373.70","true"
"441","Role yes","458.47","false"
"442","Recognize national training drug really","78.77","false"
"443","Same wall measure again","0.18","false"
"444","Present carry break","250.94","false"
"445","Every end catch","20.22","false"
"446","Customer plan maybe manager","323.32","false"
"447","Play pay real","180.51","true"
"448","Simple wrong newspaper","16.81","false"
"449","Hour whom inside","138.99","true"
"450","Another wonder reveal","171.83","false"
"451","Similar entire","335.99","true"
"452","Hard week model","58.21","false"
"453","The particular available","146.88","true"
"454","Accept sometimes city","88.51","true"
"455","Nature cup whom poor send","456.24","false"
"456","Probably or which white get","59.98","true"
"457","Hair look too reveal","375.81","false"
"458","Address than could security including","200.20","true"
"459","High know whether result","383.27","false"
"460","Red citizen","291.00","false"
"461","Better child computer","131.66","false"
"462","Mrs interesting less economy","161.32","false"
"463","Heart message matter","330.65","true"
"464","Evening prevent image already","11.53","true"
"465","Republican agent manage","414.49","false"
"466","Line knowledge season region little","94.75","true"
"467","Green film at best small","232.80","true"
"468","Firm key reason choice","400.32","false"
"469","Remember rich yeah simple","184.65","false"
"470","Spend practice organization fill","66.64","true"
"471","As future analysis","250.60","true"
"472","Model cause letter career election","154.45","true"
"473","Tree amount billion beyond","346.14","false"
"474","You half side","336.96","false"
"475","Identify degree individual environment","248.55","false"
"476","Certainly special seven physical","98.34","true"
"477","Let guy son","230.43","true"
"478","Leave camera future","112.63","true"
"479","Mr painting","373.40","true"
"480","Produce clear","478.45","true"
"481","Her serve","158.42","true"
"482","Probably few cost","434.71","true"
"483","When bag model employee","361.13","true"
"484","Season hospital machine cell","72.07","true"
"485","Place strong parent","48.36","true"
"486","Oil describe section few stay","461.22","false"
"487","Shake phone positive","206.33","true"
"488","Stay beat PM","418.98","false"
"489","Than probably before might","408.38","false"
"490","Cause compare","115.29","true"
"491","Trouble key between","384.28","true"
"492","Care door natural produce","440.43","false"
"493","Worry there similar adult","350.79","true"
"494","Cultural nature street","159.56","true"
"495","Any morning","270.71","false"
"496","Fish somebody dinner former","253.18","true"
"497","South ability no affect","70.97","true"
"498","Fly find","99.98","true"
"499","Serve rule","458.46","false"
"500","People worker time decide rest","305.94","true"
"501","Account knowledge action child cut","296.81","true"
"502","Seek third since laugh","268.52","false"
"503","Speak might fight social","170.51","false"
"504","Yeah sense up add","430.91","false"
"505","Idea school still","475.87","true"
"506","Local week color","481.24","true"
"507","Me media onto","94.84","false"
"508","Loss easy why","59.06","true"
"509","Smile reveal","452.75","true"
"510","None position hand","49.48","false"
"511","Friend through data","114.97","false"
"512","Expert cell style believe tough","481.91","true"
"513","Under entire society","166.21","false"
"514","National senior how artist","175.55","true"
"515","Unit operation foreign loss","252.38","true"
"516","The arrive former within","286.35","false"
"517","Social per","81.18","false"
"518","Suddenly really social standard","139.59","false"
"519","Identify agency","463.58","true"
"520","Southern feel fear","79.62","false"
"521","Participant traditional","212.03","false"
"522","Weight southern church","215.96","false"
"523","Politics catch information where car","477.71","false"
"524","Collection bar drug dark wrong","367.83","true"
"525","Soldier heavy","135.45","false"
"526","Training see we find","228.55","true"
"527","Address star role yard","409.43","true"
"528","Give song computer respond current","496.15","false"
"529","Child speech represent performance","85.51","true"
"530","Statement unit","210.10","true"
"531","Economic attack food laugh newspaper","311.12","true"
"532","She open answer","490.56","false"
"533","Mr management admit","24.76","true"
"534","Manage probably minute","294.94","true"
"535","Head nation so","452.79","false"
"536","Thus society oil","6.73","false"
"537","Audience white step generation","51.38","true"
"538","Although address politics training","205.01","false"
"539","Start now family","2.22","false"
"540","Attack simply protect something camera","196.76","true"
"541","Prepare blue tend","201.51","false"
"542","Success ago five","215.66","true"
"543","Speech other question indeed message","322.06","true"
"544","Leader contain culture along","61.37","false"
"545","Run some Congress result","141.07","false"
"546","Series window","439.63","true"
"547","Size improve hit nice","226.79","false"
"548","Poor modern","110.65","false"
"549","Difference rock music check","84.38","true"
"550","Box people point month","404.23","false"
"551","Actually small case","263.27","false"
"552","Establish indicate very art eat","136.24","false"
"553","Reason environmental","190.37","true"
"554","Recent grow crime","174.29","true"
"555","Could her movement","128.85","true"
"556","Tough agree move analysis","222.87","true"
"557","Source cut feel","43.13","false"
"558","Good challenge business rule sometimes","388.37","true"
"559","Tonight east trouble two","297.88","true"
"560","Local cover","218.34","false"
"561","Social cell","418.80","false"
"562","Can value leave should","163.78","false"
"563","Cell animal ready at","303.22","true"
"564","Than discuss","320.13","false"
"565","Water while woman travel not","206.94","false"
"566","Happy thought early president board","59.68","true"
"567","Group member it","76.76","true"
"568","Consider probably against change","262.40","true"
"569","Same throughout","496.13","false"
"570","Past two management friend pattern","106.05","false"
"571","Mention future yard","462.43","false"
"572","Sound late","65.04","true"
"573","Various exactly several effect","9.43","false"
"574","Spring room with","465.91","false"
"575","Admit who ok","157.51","true"
"576","Take budget agency century strong","25.84","false"
"577","Send guess you","42.97","true"
"578","Fish plan pick again","235.35","false"
"579","Civil tree action","443.00","true"
"580","Yard treat begin should property","442.28","false"
"581","Fine so say","274.40","false"
"582","Media successful anyone candidate defense","118.12","true"
"583","Among nice","302.92","false"
"584","Practice how save several","268.80","false"
"585","Decision particular network pull organization","387.06","false"
"586","Note understand enough production scene","420.40","false"
"587","Environment land trouble staff follow","39.91","false"
"588","Sea speak subject yet","168.75","true"
"589","Cultural pull above us adult","383.59","true"
"590","Program after scientist ever travel","154.33","true"
"591","Owner traditional fill address","439.73","false"
"592","Game before","197.58","false"
"593","Everything true water short","363.23","false"
"594","Else behind upon young","283.06","false"
"595","Whom forward arm prove","89.36","false"
"596","Music field","473.34","false"
"597","World give","10.57","true"
"598","Together far enough ability","80.31","false"
"599","Box political herself","405.48","true"
"600","Agent actually whose defense","90.59","true"
"601","No enough case action","216.67","false"
"602","Four once","135.42","true"
"603","Science draw","267.90","true"
"604","Five modern there resource","58.71","true"
"605","Star much","160.19","true"
"606","Manage management conference energy although","488.86","false"
"607","Phone director accept teach","392.87","true"
"608","You out thus","84.02","true"
"609","Various watch choice cause natural","208.49","true"
"610","Explain single share down","470.01","false"
"611","Garden worry put he","33.52","true"
"612","Water offer son defense","268.23","true"
"613","Six born old nice","317.12","true"
"614","Eight energy continue industry","49.40","true"
"615","Talk conference language","41.47","false"
"616","Thank goal chance","495.26","true"
"617","Old yeah interview","407.75","true"
"618","Half air","209.72","true"
"619","You face","353.25","false"
"620","That party","206.78","false"
"621","Outside work upon article","90.21","false"
"622","Mean last offer","199.29","true"
"623","Adult toward small","160.61","false"
"624","Sense fine street make case","105.47","true"
"625","Perhaps where dinner","3.28","false"
"626","Team reveal player","410.70","true"
"627","Top hope station","444.94","false"
"628","Throughout statement like responsibility","69.03","false"
"629","General something face material","203.90","true"
"630","Space water realize market","482.58","true"
"631","Dark factor tell billion","138.20","true"
"632","Film clearly decide","295.75","true"
"633","Bit your","129.73","false"
"634","Control everything war","190.13","false"
"635","Free other modern","133.13","true"
"636","Game interest","247.40","true"
"637","Interesting wear base","446.32","false"
"638","American call statement","415.03","false"
"639","Might wish street space","204.69","true"
"640","Pay cover","165.82","false"
"641","American tonight try","326.45","true"
"642","Now population in full","52.92","true"
"643","Dog price wind","110.49","false"
"644","Tax activity mission","214.91","true"
"645","Big send guy thing tell","128.65","true"
"646","Often not not produce","135.55","true"
"647","Beyond former","318.36","true"
"648","Themselves field number","49.50","false"
"649","Trade different draw","20.91","true"
"650","Live necessary interesting easy","319.12","false"
"651","Respond bill late","482.83","false"
"652","Skill course laugh","81.77","true"
"653","Identify involve hospital capital others","250.14","true"
"654","Tough radio not account land","496.27","false"
"655","Eye fire growth","17.54","true"
"656","Some nature against answer imagine","319.38","false"
"657","Popular too high inside","407.94","true"
"658","And give source share","60.79","true"
"659","Moment better of music defense","297.52","false"
"660","Board business","79.70","true"
"661","Low painting employee","104.06","false"
"662","The candidate","353.84","false"
"663","East them","60.19","false"
"664","Inside part court already","357.85","false"
"665","Red score speak","24.39","false"
"666","Look lay score inside significant","445.68","true"
"667","Federal movement","121.43","false"
"668","Television its factor","194.41","false"
"669","Successful field crime","124.52","true"
"670","Defense soldier term each","267.46","false"
"671","One live","347.12","true"
"672","Space specific enter","199.50","true"
"673","Page skill","212.54","false"
"674","Sound here environment list","487.73","true"
"675","Along which","286.30","true"
"676","Interesting measure value two","126.81","true"
"677","Chair cover care","458.91","true"
"678","Everybody rock after level","315.98","true"
"679","Cold team","267.51","false"
"680","Without finish","487.86","false"
"681","Discussion would arrive teacher where","84.27","true"
"682","Middle model pick Republican same","286.51","false"
"683","Discuss our five","345.35","true"
"684","One sort blue since long","128.55","true"
"685","Require computer","82.55","true"
"686","Painting mother anything","117.03","false"
"687","Lawyer west particularly","142.67","false"
"688","Woman at kid box","375.12","true"
"689","Full describe economy","180.80","false"
"690","Medical science mind","456.08","false"
"691","Office represent","235.09","true"
"692","Structure chair same impact","287.04","false"
"693","Everything center wind note","279.40","true"
"694","Program prove very street know","370.80","false"
"695","Network alone culture","145.71","true"
"696","Area hand room","196.16","true"
"697","Person strategy large","1.05","false"
"698","Nearly water realize put","187.53","true"
"699","Shoulder matter not","370.11","false"
"700","Professor will themselves","192.35","false"
"701","Mean series nothing","290.04","false"
"702","Day claim contain","118.05","true"
"703","How institution seek","74.78","false"
"704","Pretty note fear","195.14","false"
"705","Program hair","316.74","true"
"706","Group leave","97.39","false"
"707","Sign attention","343.77","false"
"708","Manager major newspaper","373.51","false"
"709","Child above lawyer","440.52","false"
"710","Bag should partner","233.79","true"
"711","Quality information citizen without","275.37","false"
"712","Ability wide attention fact level","283.46","false"
"713","Attorney final sell wonder leg","226.82","true"
"714","Thousand ask possible decide","69.85","false"
"715","Concern above","286.74","false"
"716","Lot consider stay throughout itself","154.55","true"
"717","Another institution","495.83","true"
"718","Why like","107.14","false"
"719","Community paper","34.02","false"
"720","Just writer citizen","416.27","true"
"721","Traditional probably article","229.62","false"
"722","Position article probably","24.07","true"
"723","Should enough act end","477.12","true"
"724","Have five","267.83","true"
"725","Question theory per deep method","153.67","true"
"726","Continue attack expect","448.54","false"
"727","Check head huge standard turn","417.06","false"
"728","All evening process of run","161.30","true"
"729","Visit against","406.41","true"
"730","Same wall wife before eight","29.97","true"
"731","Doctor even side over","373.87","true"
"732","Name have TV","136.46","true"
"733","Impact walk","409.46","false"
"734","Case friend","104.09","false"
"735","Move authority compare peace","430.70","true"
"736","What may simple","29.80","false"
"737","Left north while","258.13","false"
"738","Goal test finish","367.89","true"
"739","Sell positive blood home","191.30","true"
"740","Very well religious those","363.88","true"
"741","Attention heavy debate","98.06","false"
"742","Practice town billion painting","316.05","false"
"743","Clearly left fund","478.98","false"
"744","Into color later case","237.17","false"
"745","Word good business us region","356.45","false"
"746","Business true guy","24.12","false"
"747","Them particularly admit live down","104.26","true"
"748","He father evidence question","173.79","true"
"749","Clearly bad project turn","458.88","true"
"750","Little Mr population add","11.10","false"
"751","Religious week money purpose","471.48","true"
"752","Camera live note fight","197.00","true"
"753","Describe coach concern worker laugh","5.64","true"
"754","Likely machine environmental pressure treatment","232.43","true"
"755","Offer present pretty","229.62","false"
"756","Interesting shake wife","16.93","false"
"757","Magazine paper age physical","102.72","false"
"758","Reality size move","358.23","false"
"759","Trouble you eight describe pattern","189.50","true"
"760","Space majority bit instead","404.46","false"
"761","Stand service public according","473.58","false"
"762","Begin actually team","214.26","false"
"763","Various picture rule","329.85","false"
"764","Break debate fear degree","477.10","true"
"765","Dog receive wife","326.41","false"
"766","Drive minute according","67.62","true"
"767","Film kitchen","137.25","true"
"768","Summer rather future career similar","206.90","false"
"769","Late surface concern law","135.97","false"
"770","Make garden social man","320.06","false"
"771","Half plan total your","425.95","false"
"772","Perhaps such those","331.58","true"
"773","Quickly wind include allow","277.44","true"
"774","Similar age option war","313.54","true"
"775","Wide method","274.24","true"
"776","Measure brother","27.33","false"
"777","Anything rate significant meet","9.76","false"
"778","Lot party mother","345.28","false"
"779","East within walk","378.31","true"
"780","Stage could number","166.19","true"
"781","Create day party decade","195.20","false"
"782","Past trade believe","365.39","true"
"783","Approach beautiful","230.37","false"
"784","Heavy development nice most","311.13","false"
"785","Hard movement similar certainly","243.78","false"
"786","Go entire change carry when","78.11","false"
"787","Reality population","335.64","false"
"788","Next week scientist recognize","404.64","false"
"789","Similar myself","210.02","false"
"790","Operation next black bag","172.53","false"
"791","Management common popular","341.74","false"
"792","Must small hair strong reveal","174.97","false"
"793","Character event artist later","407.63","false"
"794","Charge or put upon rather","82.58","true"
"795","Space good from","179.29","true"
"796","So magazine worker official","454.11","false"
"797","Air Mrs budget","419.85","false"
"798","Pass he","465.99","true"
"799","Production consider state","114.48","false"
"800","Watch religious star head full","451.57","true"
"801","Indicate scientist offer issue","244.24","true"
"802","Anything court many ability","53.20","true"
"803","Rather summer","96.67","true"
"804","Help budget television","262.97","true"
"805","Arrive body modern bit","287.91","true"
"806","Bad wall conference view oil","467.18","false"
"807","Stuff north development","142.97","true"
"808","Coach upon project draw","381.79","false"
"809","Here operation participant affect","50.06","false"
"810","Change treatment","156.09","true"
"811","Office her","340.60","true"
"812","Ready avoid government","218.42","true"
"813","Summer or","240.56","true"
"814","Mean edge among direction","384.40","false"
"815","Water happen","106.31","true"
"816","Adult represent any despite","181.76","true"
"817","Hot physical sound just learn","448.75","true"
"818","Nature realize southern street","94.09","false"
"819","Town wide card board","124.81","true"
"820","Education answer blood","75.69","false"
"821","Religious base service","418.79","true"
"822","Capital culture their","319.63","true"
"823","Interest concern important son","312.16","true"
"824","Type rest name term","471.26","false"
"825","Peace spend up","396.52","false"
"826","Must cut","430.20","true"
"827","Step test several news","456.78","false"
"828","Of condition professor","243.14","true"
"829","Face fight face region","179.34","true"
"830","Order too","452.06","true"
"831","Area either","373.09","true"
"832","Wonder space","312.04","false"
"833","Page smile less mother","344.77","false"
"834","Face partner draw go","164.21","false"
"835","House south environmental","492.98","true"
"836","Charge world reveal","419.32","true"
"837","Always concern","231.76","true"
"838","Stuff rock foreign","335.50","true"
"839","Live environmental almost hand fear","458.72","false"
"840","Red forward spend","149.35","false"
"841","Born baby culture power","350.86","true"
"842","Technology practice yes","226.82","false"
"843","Type improve simple know garden","377.27","false"
"844","Unit send strategy","11.04","true"
"845","Value institution wait","257.12","true"
"846","Far many thing arrive","277.83","false"
"847","Per camera much woman","25.57","true"
"848","Who dinner alone","56.49","false"
"849","Generation option lead increase","118.04","false"
"850","Stop law you well","132.76","true"
"851","Already crime factor","121.10","false"
"852","Weight main","164.23","false"
"853","Bit data guy think","91.47","false"
"854","Finally tell method","460.07","false"
"855","Eye especially phone","0.74","true"
"856","Thousand a rich","301.79","false"
"857","Civil main also","335.63","false"
"858","There question visit race build","107.28","true"
"859","Evidence local land","98.43","true"
"860","Left skill clear","113.97","false"
"861","Everyone design possible left","67.89","false"
"862","Large rock throw anything","291.66","true"
"863","Office another perform view","14.01","false"
"864","Attention all forward","11.90","false"
"865","Bill imagine former day","471.31","true"
"866","Kitchen thing finish later would","75.72","true"
"867","Laugh such carry","155.68","true"
"868","Game quickly use friend","34.46","false"
"869","Born carry","131.35","true"
"870","Class game may","441.96","true"
"871","Animal suddenly property name student","89.50","false"
"872","Data language his few","116.15","false"
"873","Perform run firm best","77.82","true"
"874","Mouth arrive control section","66.03","true"
"875","Culture all glass","246.39","false"
"876","From be player thought ready","250.79","false"
"877","Go issue yet build administration","272.72","false"
"878","Agency nice probably","218.49","false"
"879","Local shake dog recognize","499.42","false"
"880","Argue back although teacher","425.17","true"
"881","Option enough specific","435.93","true"
"882","Son time Democrat deal pattern","451.48","true"
"883","Enough very","371.92","false"
"884","Quickly fall third former","484.82","true"
"885","Talk some third positive certain","37.16","true"
"886","Campaign financial animal while kid","75.83","false"
"887","Participant parent","419.58","false"
"888","Wind news analysis throughout every","205.88","true"
"889","Yet politics toward","317.53","true"
"890","Project science understand","482.12","true"
"891","Once whether power","98.31","true"
"892","From month impact","189.75","true"
"893","Popular hold memory appear","24.37","false"
"894","Soon college","191.45","false"
"895","Law international couple","377.31","true"
"896","Indeed marriage why","232.69","true"
"897","Research water","48.02","false"
"898","Deal foreign anything","258.66","false"
"899","Employee international scene","200.88","true"
"900","Yourself until federal","311.40","false"
"901","Window term management","65.15","true"
"902","Economic build million","475.91","true"
"903","Far far such thus","244.79","false"
"904","Data strong relationship","187.94","true"
"905","Skin almost itself","209.69","false"
"906","Can beautiful arrive","477.06","true"
"907","Most book","24.15","true"
"908","Team white figure kid","97.77","true"
"909","Close of enough","148.76","true"
"910","Out total black budget certain","79.01","true"
"911","Describe employee last","461.28","false"
"912","New too few know organization","214.13","false"
"913","Customer score sport prepare","288.31","true"
"914","Quickly again imagine cut","104.42","false"
"915","Animal right","251.55","false"
"916","Hope part everything","296.19","true"
"917","Attention among","444.77","false"
"918","Level job soon husband ground","347.64","false"
"919","Yet outside now store","307.75","true"
"920","Expert player need","297.95","false"
"921","Cause offer three","222.38","false"
"922","Able daughter take social actually","310.86","false"
"923","Image seem","374.48","false"
"924","Risk him decision walk account","52.79","false"
"925","Increase physical","174.42","false"
"926","Chair fund effort your","454.93","false"
"927","Think include how","311.13","true"
"928","Language three something","476.17","false"
"929","Act gun","480.84","true"
"930","Pm event wait describe","170.11","true"
"931","Make figure some","186.74","true"
"932","Simple call","139.10","false"
"933","Year you region list wonder","125.47","false"
"934","Thing store forget","132.27","true"
"935","Single hundred let","48.85","true"
"936","During leader old series along","404.00","false"
"937","Experience sense find physical","420.42","true"
"938","Often clear","225.56","true"
"939","Provide suffer list bank","238.86","false"
"940","Every option long","44.82","false"
"941","Statement finally list finish","474.39","true"
"942","Blood away","126.88","false"
"943","Attention opportunity study against","277.22","true"
"944","Such raise coach read","80.31","false"
"945","College half lay week","77.42","true"
"946","Federal specific","469.22","true"
"947","Line news especially since","204.72","true"
"948","Have need eye","40.57","true"
"949","Listen draw adult","11.42","false"
"950","Fear always staff","50.39","false"
"951","Same investment short","132.53","false"
"952","Specific find sound join region","91.85","false"
"953","Care nor can","482.99","false"
"954","Blood born culture","33.73","false"
"955","You entire prepare into build","131.87","true"
"956","Our week still","469.06","true"
"957","Themselves right anyone","474.63","true"
"958","Cultural green together","218.20","true"
"959","Unit new TV law","103.06","false"
"960","Republican wall imagine story middle","487.87","true"
"961","Off store firm","318.20","false"
"962","Political institution individual deal","208.74","false"
"963","Region different leave act","350.75","false"
"964","Along front sit your work","324.91","false"
"965","Test morning article attack fast","94.34","true"
"966","Behind number","17.38","false"
"967","Be part allow","377.16","true"
"968","Interesting religious","303.95","false"
"969","Deal western","242.99","true"
"970","Development wear leg citizen owner","127.17","true"
"971","Magazine mean represent","460.51","true"
"972","Stay law call seem","197.05","true"
"973","Easy often all capital","268.13","true"
"974","Home deal important","101.91","true"
"975","Likely improve good","376.92","false"
"976","Red however draw","442.31","true"
"977","Price trouble if example","467.26","true"
"978","Fish future","341.77","true"
"979","Could maintain position","23.90","true"
"980","Subject hard usually direction campaign","92.86","false"
"981","Past spend research out I","31.25","false"
"982","Local sing money","63.33","false"
"983","Still fire","437.06","false"
"984","Them career realize","315.45","false"
"985","Probably base open scene","459.00","true"
"986","Significant debate front free","244.71","false"
"987","Court hot audience machine admit","100.00","true"
"988","Final might before","387.76","false"
"989","Community two back better","305.12","true"
"990","Hotel ever seek","324.64","false"
"991","Name sound still for best","459.43","false"
"992","Establish process","17.51","false"
"993","Line go","464.23","true"
"994","Meet other close","140.87","false"
"995","Case establish cost buy","113.17","true"
"996","Last generation across","100.44","true"
"997","Trip election","95.73","true"
"998","Employee grow ok physical","493.48","false"
"999","Husband heavy stuff cover","465.38","false"
"1000","Another everything those","495.20","false"
"1001","Treatment early wait","12.19","false"
"1002","Trouble image wind","313.85","false"
"1003","Risk whether","55.72","false"
"1004","Statement religious force us","114.92","true"
"1005","Adult coach represent","382.26","false"
"1006","Each technology hot tax","193.41","false"
"1007","Identify stand positive record","496.35","true"
"1008","Student treatment challenge vote","249.69","true"
"1009","Defense brother foot","8.43","true"
"1010","Growth bill during","340.29","false"
"1011","Accept stay","275.72","false"
"1012","Try wait side part","488.73","false"
"1013","Leave provide story","149.16","false"
"1014","Design institution","337.08","true"
"1015","Author somebody car","58.14","true"
"1016","Company cover","102.68","false"
"1017","Moment price","400.86","false"
"1018","Matter ever stock","108.78","false"
"1019","Audience generation set","300.39","true"
"1020","Adult possible six","239.99","false"
"1021","Star difficult sea other set","260.65","true"
"1022","Avoid material line other","130.22","true"
"1023","Enough American over road","406.44","false"
"1024","Statement number PM main","63.25","true"
"1025","Home employee month fund","71.42","true"
"1026","Rock before training","204.13","false"
"1027","Center hope executive weight group","83.72","true"
"1028","Create behavior","442.28","false"
"1029","Collection personal network nature","95.62","true"
"1030","Loss safe growth range","346.64","true"
"1031","Clearly relate fire","254.50","false"
"1032","Opportunity fish","81.33","true"
"1033","Collection sure simple between say","421.78","true"
"1034","Police identify carry minute parent","269.13","false"
"1035","Factor kind probably sound","327.40","false"
"1036","Blood whose marriage kid","390.27","true"
"1037","Woman strategy","321.44","true"
"1038","Middle once news develop news","240.81","true"
"1039","Work more","149.64","true"
"1040","Man interview","455.91","false"
"1041","Amount national war sense","296.67","false"
"1042","Institution name perform themselves","36.11","true"
"1043","Democratic political population","335.68","true"
"1044","If during because share actually","157.51","false"
"1045","Certain thus","186.97","true"
"1046","Certainly worker receive","339.62","false"
"1047","Result nothing college thought","458.40","true"
"1048","Image him soldier suddenly myself","208.18","false"
"1049","Prepare fight","100.03","false"
"1050","Figure produce across","466.37","true"
"1051","Would wind","263.42","false"
"1052","Skill middle theory ok","143.02","true"
"1053","Someone west","447.70","false"
"1054","Soldier run","489.18","false"
"1055","Oil popular order join future","382.50","false"
"1056","Put money kind quickly","183.09","false"
"1057","Threat house her move","0.22","false"
"1058","Generation almost score city","91.58","false"
"1059","Low Republican since present guy","88.63","true"
"1060","Skill environmental create health","312.67","true"
"1061","Work writer summer","87.03","false"
"1062","Write pattern concern toward fast","417.71","false"
"1063","Point fine over red","439.91","false"
"1064","Help day","353.26","false"
"1065","Meet news economic make","365.94","false"
"1066","Seven card safe","395.40","true"
"1067","Wish raise","363.64","false"
"1068","Heart that American","239.47","false"
"1069","Tv it ask information","380.38","true"
"1070","Indicate part","229.73","false"
"1071","Reach risk painting camera","157.73","false"
"1072","Military daughter be","71.32","true"
"1073","Growth mention local","296.05","true"
"1074","Plant environmental time option","0.84","false"
"1075","Better court name among","198.91","false"
"1076","Call newspaper get","285.26","true"
"1077","Include positive join plant ever","432.10","true"
"1078","Far sing hand industry","484.04","true"
"1079","Parent certain cut","261.82","false"
"1080","Recent blue politics firm","320.22","true"
"1081","Someone relate modern owner it","262.29","false"
"1082","Method know not","333.96","false"
"1083","General family","378.07","true"
"1084","Consumer better grow story","17.96","false"
"1085","Wait occur first test senior","28.12","false"
"1086","Hospital ready marriage grow","23.98","true"
"1087","Behavior game including all","471.52","true"
"1088","Level let great performance","397.01","true"
"1089","Away thing bed concern worker","123.99","false"
"1090","Provide blue manage player administration","79.88","true"
"1091","Care its someone point","104.21","true"
"1092","Wish where Mrs","2.25","false"
"1093","Southern size run reason act","236.66","false"
"1094","Site should keep","373.22","false"
"1095","Avoid less food","428.49","true"
"1096","Consider treat road science","159.22","false"
"1097","Environment president station visit indeed","378.93","true"
"1098","Until across must father","199.72","false"
"1099","Green understand media each","463.46","true"
"1100","Film these issue","142.36","true"
"1101","Drug partner","104.71","false"
"1102","Area probably line and","357.92","true"
"1103","Offer much charge","291.84","false"
"1104","Player degree window","465.73","false"
"1105","Exactly reach difficult","364.53","true"
"1106","Strong always single","444.35","false"
"1107","Enough walk despite","415.95","true"
"1108","Owner avoid especially writer air","193.53","false"
"1109","Hear remember similar rise employee","276.37","false"
"1110","Fact safe about response heart","417.45","false"
"1111","Reflect new choose adult","302.31","true"
"1112","Third situation customer","140.59","false"
"1113","Few mind soon","306.45","false"
"1114","Work low plan education which","209.05","false"
"1115","Herself less","415.26","false"
"1116","Style kind","498.93","false"
"1117","Week along change determine","385.09","true"
"1118","Mrs usually","456.69","false"
"1119","Gun describe","280.09","true"
"1120","Final develop turn","248.81","true"
"1121","Unit gas personal","499.06","true"
"1122","First Mr another travel","8.23","true"
"1123","Major six your","256.30","true"
"1124","Kind by us","22.21","false"
"1125","Throughout believe project","366.93","false"
"1126","Involve of service drive attack","375.48","false"
"1127","Product eye remain ten","309.33","true"
"1128","Spring different level","45.50","false"
"1129","Market research","230.84","false"
"1130","Ever quality","103.22","false"
"1131","Message west take","54.52","false"
"1132","These which sign politics enter","135.54","false"
"1133","Impact relationship individual though","52.19","false"
"1134","Fish hundred","371.88","false"
"1135","Recently similar","347.95","true"
"1136","Actually hand","38.26","true"
"1137","Position onto control","281.69","false"
"1138","Something really manage read","451.54","true"
"1139","Western only four a","107.67","true"
"1140","Parent nor make development","247.75","false"
"1141","Issue far job edge majority","48.94","true"
"1142","Sell hope","332.82","false"
"1143","Yes responsibility heavy","446.67","true"
"1144","Market east movie present","317.07","true"
"1145","Kid important risk","144.76","true"
"1146","Ten bed","426.13","true"
"1147","Teach with food clearly society","392.15","false"
"1148","Behavior the","63.13","false"
"1149","History floor very mother","363.24","false"
"1150","Raise staff why college","257.75","false"
"1151","Bit hope service","437.44","true"
"1152","Hear or work","346.96","false"
"1153","Able where","355.94","true"
"1154","Authority prepare yes","57.72","false"
"1155","Apply spring blood response","192.26","false"
"1156","Charge lead music","383.15","true"
"1157","Such language company sea television","80.76","true"
"1158","Job successful animal","287.09","false"
"1159","Until say least","411.88","false"
"1160","Hotel thank","109.74","false"
"1161","Truth become build","206.95","true"
"1162","Address guy month","289.03","false"
"1163","Case case","38.57","false"
"1164","Whose worry close","362.87","false"
"1165","Take reach","164.91","false"
"1166","Water nature boy reach","122.24","false"
"1167","Understand others baby dream","149.91","false"
"1168","Important social artist","200.35","true"
"1169","Bill both after analysis","492.49","true"
"1170","Behind successful of why","105.31","true"
"1171","Authority probably","111.99","true"
"1172","Task much region give","341.91","true"
"1173","Home order indicate force","77.00","true"
"1174","I within candidate","434.99","false"
"1175","Professional positive must","22.53","false"
"1176","Theory increase concern","334.30","false"
"1177","Push first crime onto","419.48","true"
"1178","Show take no pick","126.95","false"
"1179","Song onto","185.41","false"
"1180","Important school kind consumer beat","187.86","false"
"1181","Some although middle","352.81","true"
"1182","Teach note word be","484.35","true"
"1183","Whatever ten far available","39.76","true"
"1184","Build assume each argue no","172.88","true"
"1185","Skin sense","423.22","false"
"1186","Employee listen require","125.89","true"
"1187","Degree crime management","130.01","true"
"1188","Discover through feel","126.41","true"
"1189","Beat trouble matter spend beat","119.85","false"
"1190","Always address successful","157.33","false"
"1191","Thousand career professor ready","328.14","false"
"1192","Group now bill know","447.54","true"
"1193","Bit knowledge coach owner","290.52","true"
"1194","Claim up behavior","455.24","false"
"1195","Social some man","257.76","true"
"1196","Everyone involve never only","144.54","true"
"1197","Reveal bad experience","259.83","true"
"1198","Wonder until","302.67","true"
"1199","Enjoy best","195.85","false"
"1200","Language address social","83.45","false"
"1201","Deep goal sing","75.83","false"
"1202","Management continue force","351.01","true"
"1203","Stand baby just","273.30","false"
"1204","Language Mrs raise","54.54","false"
"1205","Official up material country continue","15.55","true"
"1206","Or box citizen former","153.67","true"
"1207","Career including control reason amount","156.98","true"
"1208","Top just mind","272.99","true"
"1209","Walk actually continue number imagine","66.57","false"
"1210","Meet small road wind","343.93","false"
"1211","Become assume police sister","331.10","true"
"1212","That his hotel require","96.43","false"
"1213","Firm card","150.73","true"
"1214","Argue cold ever","206.77","false"
"1215","Response cultural lot player","165.22","true"
"1216","Challenge event today","372.65","false"
"1217","Information least imagine","211.11","true"
"1218","Final discover success","351.81","true"
"1219","Throughout commercial interest","371.79","true"
"1220","Admit allow reduce","141.35","false"
"1221","Will cup base feel Mrs","342.02","false"
"1222","As mother director much land","245.70","false"
"1223","Officer down single southern name","280.06","true"
"1224","International trouble","476.61","true"
"1225","Follow join","302.26","false"
"1226","Statement number everyone peace can","145.24","true"
"1227","Yourself near receive","191.86","true"
"1228","Huge wall house","196.38","true"
"1229","Director herself true","88.41","true"
"1230","Article husband including down head","83.62","true"
"1231","Simply to miss light after","436.67","true"
"1232","Deal material interview together","31.59","true"
"1233","Would magazine author","197.73","true"
"1234","The shake federal","154.67","true"
"1235","Result interesting","381.48","true"
"1236","Go up town","133.88","true"
"1237","Be certainly property mean","27.36","true"
"1238","Significant international","304.08","false"
"1239","New and rich attack serve","98.08","false"
"1240","Oil official station those fish","360.49","true"
"1241","Movie health Republican we","445.00","false"
"1242","Eat price wife","112.71","true"
"1243","Policy doctor the","422.14","true"
"1244","Candidate best small hold still","339.25","false"
"1245","Cultural at care share","399.07","false"
"1246","Television money student","281.79","false"
"1247","Report nearly help them","367.09","true"
"1248","Attack from attention including","141.92","false"
"1249","Final mention one","29.66","false"
"1250","Character court its property trade","353.26","false"
"1251","Successful upon TV police officer","382.20","false"
"1252","Focus close","218.43","false"
"1253","Back practice","187.91","false"
"1254","Agent record structure one","333.76","false"
"1255","Leave world science","359.95","false"
"1256","Suffer land lot","158.93","false"
"1257","Institution agency which","209.18","false"
"1258","Degree cultural rule including","321.97","false"
"1259","Same former picture western","1.98","true"
"1260","Position inside official hold","295.89","true"
"1261","Better even onto story stage","363.47","false"
"1262","Guess owner on","63.94","false"
"1263","Else wish peace know","122.24","true"
"1264","Red about perhaps green","379.07","false"
"1265","Claim Mr force","315.10","false"
"1266","Always follow","58.13","false"
"1267","Tree visit here give","308.73","true"
"1268","Play crime produce","280.00","false"
"1269","Shake agree","2.09","true"
"1270","Leave speak behind student","81.70","false"
"1271","Yes hard clear","450.59","true"
"1272","His performance watch sign","444.74","true"
"1273","Occur surface","225.20","true"
"1274","Analysis health business","212.63","true"
"1275","Cover thank","90.58","true"
"1276","Individual carry pick room","71.89","false"
"1277","Buy movement","363.31","true"
"1278","Professor show","464.05","false"
"1279","Half firm fish","301.06","false"
"1280","Often usually","350.75","false"
"1281","Check condition maintain strategy","69.05","true"
"1282","Girl sure fund","136.74","false"
"1283","Position fish admit","336.60","false"
"1284","Quite crime administration","250.98","false"
"1285","Account have south thank","331.71","true"
"1286","Cover since various computer","130.12","false"
"1287","Nice care scene","233.52","false"
"1288","Use still successful south","372.11","false"
"1289","Film marriage write in","206.60","false"
"1290","Allow example model","463.40","false"
"1291","Majority past camera almost","361.13","false"
"1292","Able discuss beyond","197.53","false"
"1293","Single address","147.71","true"
"1294","Star member","136.19","true"
"1295","Down sit base","453.28","false"
"1296","Age series","387.45","false"
"1297","Possible theory let pattern","311.00","true"
"1298","Design whether available everyone","405.14","false"
"1299","Question religious herself bill","208.06","true"
"1300","From race street perform","123.80","true"
"1301","Tv direction job","441.81","false"
"1302","Poor list TV subject","338.48","false"
"1303","Any turn blue college receive","395.96","false"
"1304","Reduce find beat","233.81","true"
"1305","Reflect stage visit","426.81","true"
"1306","Charge recognize home create","249.47","true"
"1307","Set special","13.52","false"
"1308","What sign memory","278.71","true"
"1309","Government society at","177.04","true"
"1310","Position story sense painting","33.65","true"
"1311","Figure home officer son walk","202.52","true"
"1312","Street six price sort","253.99","true"
"1313","Attention natural","285.34","false"
"1314","Control local even","137.95","false"
"1315","Pick very","413.65","false"
"1316","Partner better turn factor","112.56","true"
"1317","Material person cultural","221.32","true"
"1318","Of perform something","339.97","false"
"1319","Agreement former phone","246.51","true"
"1320","All key develop suddenly","276.91","true"
"1321","Accept popular line stage","110.65","false"
"1322","Moment thus bar smile","450.31","true"
"1323","Middle camera program","299.93","true"
"1324","American case power teacher","261.40","false"
"1325","Let party explain big list","483.95","true"
"1326","Best mention","264.74","true"
"1327","Four into lay game huge","247.98","true"
"1328","Top road season course","65.19","false"
"1329","Visit rather she trade","153.96","true"
"1330","Foreign though during admit","68.27","true"
"1331","Interview rule bag offer","132.73","false"
"1332","Themselves purpose seat","484.00","true"
"1333","And again","116.64","true"
"1334","They garden through sport","222.70","false"
"1335","Social similar attack finally","336.16","true"
"1336","Staff style win","344.58","true"
"1337","Though seat meet","346.73","true"
"1338","History hotel leader","422.74","false"
"1339","Board data newspaper I","496.82","true"
"1340","Too sell hear party sure","268.97","false"
"1341","Situation full north","209.04","false"
"1342","Lawyer indeed response doctor watch","383.31","false"
"1343","Today north throughout","243.94","true"
"1344","Finally turn mean","332.99","true"
"1345","Safe feeling","306.62","false"
"1346","However industry buy score general","48.85","true"
"1347","Environmental item majority","327.52","true"
"1348","Behavior recently court leg","253.01","false"
"1349","Station by long painting","385.79","true"
"1350","Development painting course else account","242.52","false"
"1351","Mission care set within","326.66","false"
"1352","Same food base","435.68","true"
"1353","Study image education career","95.12","true"
"1354","Whose although beyond","209.36","false"
"1355","At right","460.68","true"
"1356","Professor past","94.54","false"
"1357","Others home job","42.17","false"
"1358","Sure late","367.36","false"
"1359","Whether operation necessary some color","423.01","false"
"1360","Three prepare","116.87","true"
"1361","Listen prevent point glass","322.74","false"
"1362","Population develop amount mouth","315.42","true"
"1363","Kitchen carry movement","232.92","true"
"1364","Line attention take","142.59","true"
"1365","Foreign indeed within example research","339.95","false"
"1366","Rest raise nor your education","73.93","false"
"1367","Key many actually business","88.14","true"
"1368","Improve culture represent","39.64","true"
"1369","Within middle name","106.78","false"
"1370","Town town present","61.78","false"
"1371","Draw find action with try","347.74","false"
"1372","Pass arm couple building","23.19","false"
"1373","Create with teacher establish","491.13","true"
"1374","Brother spend ahead action","495.76","true"
"1375","Say event number","244.40","true"
"1376","Billion past deep network","95.16","false"
"1377","Challenge whether past","97.27","true"
"1378","Recognize she father despite","78.17","true"
"1379","Ago such begin body","361.71","true"
"1380","Indeed drop believe let","76.70","false"
"1381","Run nice stock success","169.51","false"
"1382","Green name list","233.83","false"
"1383","Hundred country how down final","7.07","false"
"1384","Level rule stuff police people","96.28","true"
"1385","Wait movie adult","433.09","true"
"1386","Financial wall beyond","118.59","true"
"1387","Minute question few","298.98","true"
"1388","Doctor would natural","231.03","true"
"1389","Onto would","48.64","false"
"1390","Hospital effort store current","288.01","false"
"1391","Product yet television","442.38","false"
"1392","Care method wide scene upon","30.86","false"
"1393","Fall bit nation reach","272.18","true"
"1394","Role agency lose sing","325.22","true"
"1395","Possible chance manage position","484.20","true"
"1396","Moment soldier around oil college","247.39","false"
"1397","Nature brother on agency part","487.07","true"
"1398","Social protect style others response","164.40","false"
"1399","Spend even happy whose","104.86","false"
"1400","Free product","48.83","true"
"1401","Political natural road","230.38","false"
"1402","Company already discussion service technology","365.43","true"
"1403","Carry investment mean wife","34.65","true"
"1404","Environmental shoulder","106.64","true"
"1405","So provide old clearly","7.16","true"
"1406","Factor describe theory","384.05","true"
"1407","Travel include that real","391.66","true"
"1408","First street today hospital lead","497.15","true"
"1409","Show church such","188.56","false"
"1410","Analysis hope safe","322.01","false"
"1411","Media bed win","179.29","true"
"1412","Bed color station","298.82","true"
"1413","Avoid positive","407.71","true"
"1414","Democrat with nature property bank","410.65","false"
"1415","Foreign interesting hold level audience","378.09","true"
"1416","Suffer process radio something","341.36","true"
"1417","Certain country","272.05","false"
"1418","Special current each","74.95","true"
"1419","Crime son yes","40.30","true"
"1420","Break save society least","443.18","true"
"1421","Yeah employee per","278.38","true"
"1422","Conference around commercial","336.83","true"
"1423","Former join base","98.20","false"
"1424","Let of","348.37","true"
"1425","Ground everything develop role","42.30","true"
"1426","Someone prepare business our","479.48","false"
"1427","Nearly play success role partner","253.55","false"
"1428","Sell present community direction today","49.88","false"
"1429","Business team audience","244.19","false"
"1430","Tax appear moment","256.23","true"
"1431","Important second computer cold event","221.29","false"
"1432","Should morning none","216.11","true"
"1433","Data money fall","344.78","false"
"1434","Watch for others","486.23","true"
"1435","After piece news Mrs","219.07","false"
"1436","Along after somebody local","351.50","false"
"1437","Impact particular central","389.38","false"
"1438","Author civil stage possible","185.77","true"
"1439","And black Republican sort","192.20","true"
"1440","Wonder make","373.30","true"
"1441","Consumer help area piece","424.12","false"
"1442","North speech reason","393.59","true"
"1443","Election line meet","268.94","true"
"1444","Particularly indicate small become","289.66","true"
"1445","Policy minute dinner at","198.97","false"
"1446","Story the partner positive single","338.92","true"
"1447","Sister yet fast","167.72","false"
"1448","Class class at former","497.68","false"
"1449","Yeah save tonight million themselves","73.00","false"
"1450","Doctor ability security","100.63","false"
"1451","Cover debate decade table visit","1.33","true"
"1452","It only method rate","496.02","false"
"1453","Blue remember account","390.50","true"
"1454","East choice mind","118.51","false"
"1455","Goal pretty fall clear","442.08","false"
"1456","Develop fund building hand","185.82","true"
"1457","Professor drive team into","29.43","true"
"1458","Put entire PM able","313.90","true"
"1459","Language lay area","200.70","false"
"1460","Break sort","47.29","true"
"1461","Skill white play affect significant","136.09","true"
"1462","Especially class already","194.31","true"
"1463","Himself sign again","380.48","false"
"1464","Than occur occur","465.32","true"
"1465","Item debate him alone","433.00","false"
"1466","Mean performance act across expert","430.27","true"
"1467","Book wonder development","316.98","true"
"1468","None many house","296.85","false"
"1469","Season audience","393.34","false"
"1470","Successful pretty knowledge human","153.79","false"
"1471","Enough responsibility","395.23","false"
"1472","Left land rate consider","365.99","false"
"1473","Far couple none community","214.02","true"
"1474","City mother last score","203.16","false"
"1475","Miss Mr","130.66","false"
"1476","Interesting eat be","15.82","true"
"1477","Hard stock fish road young","85.81","true"
"1478","Nearly born herself how","217.41","false"
"1479","First himself idea","48.24","false"
"1480","Majority help","344.50","false"
"1481","Camera two enter will","347.73","true"
"1482","Avoid Congress list","88.26","false"
"1483","Station team clearly so","83.25","true"
"1484","Trial generation","88.65","true"
"1485","Of instead tonight yet","304.66","false"
"1486","Control major","199.03","false"
"1487","Important much loss","90.14","false"
"1488","Might people recent family","205.49","true"
"1489","Seven might opportunity","261.32","true"
"1490","Responsibility life","279.11","false"
"1491","Whose model","294.20","true"
"1492","Quickly involve year","18.31","false"
"1493","Wear each","163.23","false"
"1494","Authority position recently site","45.68","false"
"1495","Opportunity mouth","334.59","false"
"1496","Than two","398.60","true"
"1497","Cause computer","456.14","true"
"1498","How white visit","419.94","true"
"1499","Short space morning movement","422.64","false"
"1500","Tend art people","321.48","false"
"1501","Would reveal all","237.63","true"
"1502","Agent ok see civil forward","397.59","false"
"1503","Soldier human they","28.99","false"
"1504","Arm require open popular","337.61","false"
"1505","Stop bill southern","497.14","false"
"1506","Develop health billion region happen","487.64","false"
"1507","Tonight my","435.54","false"
"1508","Organization top through technology","451.12","true"
"1509","Two technology get","58.55","true"
"1510","Present authority son will rate","465.21","false"
"1511","Include explain building","352.38","true"
"1512","Today book support size","81.44","true"
"1513","Dog management free","285.56","false"
"1514","Eye after beat entire","451.73","false"
"1515","Out purpose whole place","205.36","false"
"1516","Organization arrive know contain","127.95","false"
"1517","Quickly piece value education","428.33","false"
"1518","What professional peace seven full","449.13","true"
"1519","Find wait","111.79","true"
"1520","Believe middle in","188.45","false"
"1521","Learn west happy increase","20.64","false"
"1522","Natural we provide","481.52","false"
"1523","House prevent check","96.19","true"
"1524","Performance such movie address","388.13","false"
"1525","Impact explain civil positive","376.05","false"
"1526","Finally effort skill assume","160.14","true"
"1527","Decision camera","205.10","false"
"1528","Nice certainly such imagine also","258.27","true"
"1529","Ability garden rather form","353.82","false"
"1530","Practice four stay would","474.70","true"
"1531","His can already","394.72","false"
"1532","Leg quite improve","227.07","false"
"1533","Imagine reveal after","112.16","true"
"1534","Science green","373.05","true"
"1535","Continue certain drive public food","350.46","true"
"1536","Should notice market","62.15","false"
"1537","Style might evidence","219.26","false"
"1538","Program space high about wish","186.71","false"
"1539","Development edge","317.73","false"
"1540","Cultural view together","42.88","false"
"1541","Security add service activity","465.16","true"
"1542","Probably commercial brother head","431.70","true"
"1543","Need friend do among themselves","422.82","true"
"1544","Make arm always","217.69","false"
"1545","West player bar military","252.22","true"
"1546","They join","73.02","true"
"1547","Tax relationship determine","298.94","false"
"1548","Choice author serve","270.97","false"
"1549","Short always how","295.79","false"
"1550","From purpose whom health","105.96","true"
"1551","Again former fine dinner near","173.42","true"
"1552","Seek charge friend","457.48","false"
"1553","Sense play system he","171.00","true"
"1554","Your vote","443.74","false"
"1555","Pm source clear dog fast","362.15","true"
"1556","Less enough how important","218.44","true"
"1557","Animal enough southern particular institution","233.44","false"
"1558","Very it eat likely town","474.39","false"
"1559","Cold firm push","428.79","false"
"1560","Course or charge trouble within","2.08","true"
"1561","Condition reduce","134.89","true"
"1562","By can this will right","155.33","false"
"1563","President cut table boy her","137.18","true"
"1564","Early shoulder blood left","105.78","true"
"1565","Plant audience owner ok stock","187.67","true"
"1566","Agency class campaign such","41.95","true"
"1567","Those rise this network","298.19","true"
"1568","Participant hope","241.74","false"
"1569","Building reduce pass gun","80.15","true"
"1570","Now until buy","389.68","true"
"1571","Report level","240.62","true"
"1572","State early","175.28","false"
"1573","Buy college next son","208.74","true"
"1574","Law cell contain bring","256.83","false"
"1575","Fish either society write sit","115.73","false"
"1576","Fact economic never sort","265.31","false"
"1577","This story room recognize","333.78","false"
"1578","Section reveal walk","238.19","true"
"1579","Drive inside nice","212.08","true"
"1580","Identify close now yet","451.80","true"
"1581","Cost room blue media network","29.37","true"
"1582","Skin event season quite affect","344.23","false"
"1583","Somebody nor energy eye week","84.82","false"
"1584","Him professional","56.35","false"
"1585","Light why","309.98","true"
"1586","Book least sort","408.90","true"
"1587","Mention treatment imagine","89.35","false"
"1588","Suddenly major","493.67","false"
"1589","Only easy","453.74","true"
"1590","Young compare kid themselves road","319.71","false"
"1591","Old pick charge person","372.72","true"
"1592","A require suffer agency nor","362.64","false"
"1593","Fact drug follow life","288.59","false"
"1594","Activity sing","201.90","false"
"1595","After build then","200.45","true"
"1596","Sport former bag news especially","40.91","false"
"1597","Speech music","112.29","false"
"1598","Move add standard south","211.51","true"
"1599","Affect choose great","467.85","true"
"1600","Front decade remain up","317.07","false"
"1601","Some friend cold","250.32","false"
"1602","Box letter","378.59","false"
"1603","Himself business","306.08","false"
"1604","Red store carry conference","352.44","false"
"1605","Believe impact product","413.26","true"
"1606","Study share agree","181.59","true"
"1607","Total action can process","146.87","true"
"1608","Everyone white staff","288.33","true"
"1609","Seven heavy music time option","370.35","true"
"1610","Clear film often realize account","283.50","true"
"1611","Cold indicate there character","362.15","false"
"1612","Upon scene natural television","155.21","true"
"1613","Rise participant","206.52","false"
"1614","Share push kid","292.14","false"
"1615","Data wife send recognize","2.86","false"
"1616","Medical usually east chance","361.68","false"
"1617","Under machine","96.50","false"
"1618","Reflect shoulder every to","90.72","false"
"1619","Now indeed","466.73","true"
"1620","House market tree","14.21","false"
"1621","Good follow develop pass prove","367.05","false"
"1622","Option my serve","46.68","true"
"1623","Talk begin recently laugh","375.27","false"
"1624","Medical hour","369.88","false"
"1625","Memory number crime reduce area","146.66","false"
"1626","Four him suffer lawyer","240.93","true"
"1627","Not worker","140.51","true"
"1628","Assume small total then","5.50","false"
"1629","Some whom program","274.67","true"
"1630","Decide family present likely wind","98.96","true"
"1631","Your system leader half","159.83","true"
"1632","Usually wrong","287.33","false"
"1633","Book stop letter response","461.46","true"
"1634","Particular building end return","140.93","true"
"1635","Difficult car","196.25","false"
"1636","End significant card coach","147.98","true"
"1637","Other her","272.16","true"
"1638","Hold no create themselves upon","196.41","false"
"1639","Time you man","404.38","false"
"1640","Sort add religious","398.32","true"
"1641","Young significant","292.22","true"
"1642","Someone boy explain especially tell","371.45","true"
"1643","Candidate officer rate detail voice","134.74","false"
"1644","Firm tax win look","281.13","false"
"1645","Between animal raise bring those","345.07","true"
"1646","Scientist let look sister gas","148.56","false"
"1647","Wide house","484.17","false"
"1648","Old week eye ok couple","183.44","false"
"1649","Contain suddenly between why","368.69","false"
"1650","Artist customer owner decision","499.55","true"
"1651","Particular sound difficult effect","352.95","false"
"1652","His whom suddenly fine","119.33","false"
"1653","Response young group","69.56","false"
"1654","Mission never","41.07","false"
"1655","Time keep herself myself","327.19","true"
"1656","Pass painting","172.26","false"
"1657","Spring message focus kind","478.93","true"
"1658","Lead federal","165.26","false"
"1659","Sea teacher among garden","299.62","false"
"1660","Partner process know","328.89","false"
"1661","Month bit no person off","467.60","false"
"1662","Avoid cup","454.82","false"
"1663","Describe need eight","195.24","true"
"1664","Level why almost","340.41","true"
"1665","Range prepare player","126.88","false"
"1666","Consumer your","128.14","true"
"1667","Evidence agree across cost crime","326.32","false"
"1668","Affect message body perhaps","300.31","true"
"1669","Doctor artist whom value analysis","333.20","false"
"1670","Choice dark tend loss term","158.84","false"
"1671","Market moment","286.37","false"
"1672","Partner vote out","447.49","false"
"1673","Stock play","52.02","true"
"1674","Personal fast answer","114.65","true"
"1675","Real around soon stay","156.59","true"
"1676","Government throw peace long policy","289.09","false"
"1677","Visit employee","50.50","false"
"1678","If occur bit what provide","465.73","true"
"1679","Until push story poor according","310.26","true"
"1680","Everybody and build grow coach","263.27","false"
"1681","Allow mission sea","477.85","false"
"1682","Nice everyone","320.68","false"
"1683","Team other alone","234.96","false"
"1684","Less understand skill bit","171.80","false"
"1685","Response option instead full","476.69","true"
"1686","Mr case hand dog manager","71.83","false"
"1687","Certain for","141.68","true"
"1688","Less someone","490.07","false"
"1689","Already world specific include music","136.03","false"
"1690","Rate than what","339.01","true"
"1691","Various second report certain","331.48","true"
"1692","Bring notice outside west","460.07","true"
"1693","College country peace","75.25","false"
"1694","Let tough collection head when","341.15","false"
"1695","Life near force group","16.99","false"
"1696","Fast wrong carry experience","60.52","true"
"1697","Bed style board reflect wear","396.25","true"
"1698","Economic option feel fill about","31.25","false"
"1699","Air carry writer hard","212.35","true"
"1700","Mean simple focus until several","398.21","false"
"1701","Dinner majority last","370.32","false"
"1702","Note really","37.21","false"
"1703","Under box","495.25","false"
"1704","Certainly everyone report","382.93","false"
"1705","Human southern huge","325.64","true"
"1706","Staff let","107.50","false"
"1707","Begin health","103.64","true"
"1708","Level well than court","323.46","false"
"1709","Drop series middle thank","472.49","false"
"1710","Partner kid network","470.34","false"
"1711","Deal bad people win","131.25","true"
"1712","Inside write","437.92","false"
"1713","Mind especially against","258.60","true"
"1714","Because door teacher hold","378.93","false"
"1715","College ground center","87.49","false"
"1716","Site how key camera","451.95","false"
"1717","Picture order another significant","229.33","true"
"1718","Act little unit","116.30","true"
"1719","Professional professional remain recognize anyone","473.06","false"
"1720","Dog beautiful study generation","163.31","true"
"1721","Strategy base black cold near","267.61","false"
"1722","Represent central feel right","318.35","false"
"1723","Who strategy owner","448.43","false"
"1724","Hold local usually street sing","295.99","false"
"1725","Land onto board","319.17","true"
"1726","Popular central sport","348.81","false"
"1727","Head should order impact within","196.41","true"
"1728","Imagine believe talk education policy","393.49","true"
"1729","Answer front which","450.80","true"
"1730","Evening nearly consumer usually","476.78","true"
"1731","Quickly then financial people","342.38","true"
"1732","Station human audience","472.54","false"
"1733","Fear subject particularly","195.23","true"
"1734","May instead late put","263.18","false"
"1735","Small much public across","146.42","false"
"1736","Series though early tend","130.20","true"
"1737","Direction thing suffer fact within","255.52","false"
"1738","Anything have answer","51.26","true"
"1739","Federal receive easy","307.00","true"
"1740","Church act","248.76","true"
"1741","Fast country girl","259.12","false"
"1742","Front because","10.42","false"
"1743","Tell there wait","256.88","false"
"1744","Sea avoid goal view","154.43","true"
"1745","Strong front you","85.20","false"
"1746","Expect area","170.26","false"
"1747","Police walk close","399.96","true"
"1748","Yeah unit a improve","396.31","false"
"1749","Forget shake wish","133.72","false"
"1750","Tell choose new recognize","323.54","true"
"1751","Film benefit attention myself","300.30","true"
"1752","Yet paper official our","0.55","false"
"1753","Protect lay","429.29","true"
"1754","Within rock short hard","354.35","true"
"1755","Pull number note break","432.93","false"
"1756","Moment world hear","259.67","false"
"1757","Network today story yard good","124.52","false"
"1758","Animal save world condition industry","261.72","false"
"1759","Reality as dinner","342.26","false"
"1760","Market difference run","106.83","true"
"1761","Always any night","349.93","false"
"1762","Decide both good cut college","391.52","false"
"1763","Such finally fact situation that","333.92","true"
"1764","Past institution law area inside","203.21","true"
"1765","Almost realize whom picture","144.63","false"
"1766","Trade audience determine shake","290.69","false"
"1767","Scientist window program case","234.50","false"
"1768","Professional school culture","500.04","true"
"1769","Grow which","282.19","true"
"1770","Point threat address best type","443.90","true"
"1771","Art energy significant","71.17","true"
"1772","Treatment ground outside language good","190.17","false"
"1773","Head similar political","241.27","true"
"1774","Identify recently my owner statement","52.36","false"
"1775","Give ball behind coach nearly","446.63","false"
"1776","Prevent tonight score","62.72","false"
"1777","Southern where","57.57","false"
"1778","Shake collection begin out admit","170.90","false"
"1779","Office culture last","100.63","true"
"1780","Evidence sell","406.61","false"
"1781","Behavior particular loss","70.42","true"
"1782","Catch degree body her","457.18","false"
"1783","Try action deal","72.31","false"
"1784","Style policy fact","256.97","false"
"1785","Thought thus door","192.10","true"
"1786","Teach garden","413.01","true"
"1787","Wind suffer eye","413.25","false"
"1788","Before political","83.14","false"
"1789","Not fill good","346.04","false"
"1790","Series lead clear","321.33","true"
"1791","Off camera subject space analysis","158.74","true"
"1792","Fire month will eye","17.99","true"
"1793","Tv try factor manager against","256.37","true"
"1794","Majority color weight","126.01","false"
"1795","Us gas","227.19","true"
"1796","Strong star","466.80","false"
"1797","Top improve improve","328.21","false"
"1798","To plant candidate","73.76","false"
"1799","National cost edge","96.00","true"
"1800","Blood movie daughter day","280.02","false"
"1801","Foot green somebody","166.73","true"
"1802","Every fine let","5.72","false"
"1803","Go street during share","428.88","true"
"1804","Fall seem lose","5.39","true"
"1805","Door anything","315.48","true"
"1806","Industry heavy street large","72.71","true"
"1807","Must picture","251.94","true"
"1808","Better quite which deal","451.22","true"
"1809","Like public idea space foot","292.26","true"
"1810","Think kind should data","469.01","true"
"1811","Upon someone pick agree we","10.89","true"
"1812","Remember fact","186.29","true"
"1813","From left nothing within","121.65","false"
"1814","Even century between administration","24.42","true"
"1815","Window contain office","48.70","true"
"1816","Exist not relationship step","16.44","false"
"1817","Fire yourself school true","72.54","true"
"1818","Become once case","259.87","false"
"1819","Consumer owner","77.39","false"
"1820","Continue training site","455.95","false"
"1821","Anything my myself all Republican","4.85","true"
"1822","Apply adult democratic","427.06","false"
"1823","Sort read","383.31","false"
"1824","Four develop according","290.74","false"
"1825","Task forward increase economy","16.13","true"
"1826","Lot key play best","67.32","false"
"1827","Both market","282.75","false"
"1828","Surface brother they","87.85","true"
"1829","Receive about body before politics","292.71","false"
"1830","Light if act care task","400.26","false"
"1831","Pay size economic on","269.03","false"
"1832","There certain full east","106.46","false"
"1833","View conference bag","27.42","true"
"1834","Behavior yet never recognize","51.45","false"
"1835","Project enough realize camera","209.41","true"
"1836","Not war current the","180.20","true"
"1837","Artist individual realize minute","341.01","false"
"1838","They serve senior","111.84","false"
"1839","Act live voice","16.03","false"
"1840","Anyone sure type stop sister","237.36","true"
"1841","Positive building sea","353.43","true"
"1842","Ever first time wife","391.31","true"
"1843","Resource bed agree","155.24","true"
"1844","Fall yes nice share","160.07","true"
"1845","Man parent","169.52","true"
"1846","Success sea","120.62","false"
"1847","Mind or picture draw","28.85","false"
"1848","Ready teach approach successful sing","394.96","false"
"1849","Science property","276.89","false"
"1850","Military senior reflect author","43.77","false"
"1851","Your evening","12.01","true"
"1852","Ten agent","331.80","false"
"1853","Particular still why performance","485.99","false"
"1854","Weight moment many","209.64","true"
"1855","Until ground window","304.22","false"
"1856","Visit brother ago","77.46","false"
"1857","Responsibility least magazine plan","361.15","false"
"1858","Site once","189.39","false"
"1859","Argue yeah feeling change","455.98","false"
"1860","Daughter talk system wind","293.73","true"
"1861","Turn natural","256.71","false"
"1862","Century prepare treat laugh indeed","283.71","true"
"1863","Human stay sit","362.00","true"
"1864","They write media difficult","124.92","false"
"1865","Building nature other method","274.33","false"
"1866","Foot issue prevent teacher","64.88","false"
"1867","Former trial safe usually","74.37","false"
"1868","Commercial say customer information","168.92","true"
"1869","Also network security red himself","223.98","true"
"1870","Stuff behavior agreement close","189.97","false"
"1871","Purpose institution action social","45.40","false"
"1872","Image to maintain","382.15","true"
"1873","Build with both","53.85","true"
"1874","Break beautiful cause","44.24","false"
"1875","Son prove many company only","136.23","true"
"1876","Record recent","288.85","true"
"1877","Great little hair money","36.27","false"
"1878","Boy report meeting","350.01","true"
"1879","Begin how cell","348.37","true"
"1880","Budget stage","105.33","false"
"1881","Reason six themselves move difference","418.76","true"
"1882","Performance out grow","379.82","false"
"1883","Guy school yeah","362.43","false"
"1884","Sometimes address character help reason","185.60","false"
"1885","National black","435.80","false"
"1886","Movie part see","387.45","false"
"1887","Career early again mother","396.81","true"
"1888","Item military even answer up","447.69","false"
"1889","Anyone north husband movie","218.15","true"
"1890","Than baby","103.94","true"
"1891","Mean form water safe certainly","395.37","false"
"1892","Deep street give already","259.69","false"
"1893","Number under avoid business","134.59","true"
"1894","Since never star number nearly","21.15","false"
"1895","Might company around","120.29","false"
"1896","Meeting government forward last","46.15","false"
"1897","There far because","231.16","false"
"1898","Within reach couple school among","19.39","false"
"1899","Yet lawyer performance still","376.48","true"
"1900","Strong over authority one","118.81","false"
"1901","Deal chance ever","54.18","false"
"1902","Inside which should two help","95.51","false"
"1903","Run amount guess safe age","241.41","true"
"1904","Deep protect attack article age","305.45","false"
"1905","Assume become reduce right","120.12","true"
"1906","Story some couple left","97.01","true"
"1907","Actually whom clearly","286.45","false"
"1908","Gun wear","341.01","false"
"1909","Sport food from task","217.47","false"
"1910","Reason buy public nice","62.78","false"
"1911","Down figure","129.35","true"
"1912","Official evidence act so","413.39","true"
"1913","Product write","98.33","true"
"1914","Only fall sing data","435.72","true"
"1915","Stage time late guess stand","212.13","false"
"1916","Provide article drop join","487.69","false"
"1917","Travel reality teacher administration","375.72","true"
"1918","Have drug child","239.60","true"
"1919","Why every apply agent fear","70.10","false"
"1920","Style foreign dark enter politics","143.55","true"
"1921","Compare only coach","418.86","false"
"1922","She TV consider future","97.16","false"
"1923","Song this eat expert","338.07","false"
"1924","Why discuss agreement reflect","243.92","false"
"1925","Later general fact which who","149.13","true"
"1926","Parent one man main east","325.76","true"
"1927","Company again serious then career","339.89","true"
"1928","His happy sing paper","253.08","false"
"1929","Decision break","383.58","true"
"1930","Management author into","487.96","true"
"1931","Image yourself hear","310.87","false"
"1932","Thought smile","370.31","false"
"1933","Sure city far","225.65","true"
"1934","Usually important","302.07","true"
"1935","Detail road meet wall","36.73","true"
"1936","For when generation","68.02","false"
"1937","Friend follow career bad fine","158.05","true"
"1938","President all north big sign","143.51","false"
"1939","Whatever record billion today receive","150.34","true"
"1940","Respond make rather from","89.28","false"
"1941","Happy small ago","58.08","false"
"1942","Speech discussion manage identify man","0.93","false"
"1943","Test street official","414.96","false"
"1944","Worry remember teacher","400.99","true"
"1945","Lot coach attention himself","243.19","false"
"1946","Certainly move answer conference","141.88","true"
"1947","Actually senior oil bar","292.26","true"
"1948","Movie happy world reveal course","422.60","false"
"1949","Health training trip thing prove","240.08","false"
"1950","Son thus paper level","486.79","true"
"1951","Rather almost establish such","475.37","true"
"1952","Organization few","476.79","false"
"1953","Woman chair wife","288.74","false"
"1954","At continue","227.33","true"
"1955","Window activity article act have","128.16","false"
"1956","Even enter","407.85","false"
"1957","Century director yet president","264.38","true"
"1958","Especially energy rule","168.28","false"
"1959","Personal buy","170.73","true"
"1960","Very future animal","465.35","true"
"1961","According piece","103.13","true"
"1962","Party three","290.60","true"
"1963","Black throughout soldier bar do","226.87","true"
"1964","Medical level successful young matter","453.74","false"
"1965","Little direction party defense very","152.34","true"
"1966","Size friend man minute","83.81","true"
"1967","Animal quite conference what media","112.90","true"
"1968","Off still second","314.18","true"
"1969","Candidate six hope","219.67","false"
"1970","Art machine career","349.12","false"
"1971","Yet own","292.80","false"
"1972","Mind table discuss","49.04","true"
"1973","In general successful","11.15","true"
"1974","General today own","189.32","true"
"1975","Song federal","290.82","true"
"1976","Phone card film appear","61.82","true"
"1977","Care trouble kind fund glass","163.07","false"
"1978","Ever hold","223.12","false"
"1979","Foreign hit skill quite","110.88","true"
"1980","Lay level smile suffer","406.81","false"
"1981","Standard sure campaign military stay","280.88","false"
"1982","Open describe practice series","156.40","false"
"1983","Majority executive common","51.33","true"
"1984","Card now","287.18","true"
"1985","Sense consider","429.04","true"
"1986","Kid amount","384.35","false"
"1987","Answer notice high there","40.72","false"
"1988","Life system","85.30","false"
"1989","Speech public less","427.51","true"
"1990","Nothing some current group","190.05","false"
"1991","Million article arrive","410.33","true"
"1992","Money individual house","55.70","true"
"1993","Top second","475.81","false"
"1994","Significant seat","410.20","true"
"1995","Base remember","119.50","false"
"1996","Fall subject together","257.04","false"
"1997","Health begin cover","494.64","true"
"1998","Building push behind politics","344.85","false"
"1999","Buy wind father","256.79","true"
